itemid,itemname
1,ball
2,unbecome
3,sundriesman
4,obnounce
5,marketability
6,retinitis
7,cap
8,corruption
9,piragua
10,sclerodermatitis
11,guaiac
12,siliconize
13,imbricate
14,agoranome
15,volucrine
16,vitaminology
17,forbearing
18,lymphangiectodes
19,varahan
20,cheerlessness
21,lambency
22,unmodernity
23,compactedness
24,borofluoric
25,unsnaffled
26,redheadedness
27,reductorial
28,stromb
29,deglaciation
30,chalcidoid
31,remuneration
32,slock
33,tapist
34,decreer
35,queenright
36,creeler
37,bullcart
38,shawlless
39,unpredicable
40,sleeplessly
41,subtriplicate
42,virago
43,rachiodont
44,Giottesque
45,asthenology
46,stretman
47,interrogation
48,organismal
49,Adelarthra
50,salaciously
